,loss,accuracy,val_loss,val_accuracy
0,0.6157822608947754,0.8656250238418579,0.5478886365890503,0.875
1,0.46078068017959595,0.871874988079071,0.3782268464565277,0.875
2,0.4098774790763855,0.871874988079071,0.3648330271244049,0.875
3,0.39355939626693726,0.871874988079071,0.3663848042488098,0.875
4,0.39161941409111023,0.871874988079071,0.37085068225860596,0.875
5,0.3902922570705414,0.871874988079071,0.37132641673088074,0.875
