,accuracy,loss,val_accuracy,val_loss
0,0.846875011920929,0.611712634563446,0.875,0.5395842790603638
1,0.871874988079071,0.45379844307899475,0.875,0.388133704662323
2,0.871874988079071,0.3997859060764313,0.875,0.3640790581703186
3,0.871874988079071,0.3921750783920288,0.875,0.36467376351356506
4,0.871874988079071,0.39361169934272766,0.875,0.37023693323135376
5,0.871874988079071,0.38532355427742004,0.875,0.3721195161342621
