,accuracy,loss,val_accuracy,val_loss
0,0.862500011920929,0.5967239737510681,0.875,0.5240999460220337
1,0.871874988079071,0.4387972354888916,0.875,0.37003815174102783
2,0.871874988079071,0.3996804654598236,0.875,0.3661137819290161
3,0.871874988079071,0.38633617758750916,0.875,0.37032169103622437
4,0.871874988079071,0.383201003074646,0.875,0.37061262130737305
5,0.871874988079071,0.3892497718334198,0.875,0.3687511086463928
