,accuracy,loss,val_accuracy,val_loss
0,0.871874988079071,0.6005954742431641,0.875,0.5128781795501709
1,0.871874988079071,0.4372934401035309,0.875,0.37180963158607483
2,0.871874988079071,0.39540109038352966,0.875,0.36374929547309875
3,0.871874988079071,0.3972747325897217,0.875,0.3652804493904114
4,0.871874988079071,0.38372108340263367,0.875,0.3644483983516693
5,0.871874988079071,0.4042925238609314,0.875,0.3695395886898041
