,accuracy,loss,val_accuracy,val_loss
0,0.831250011920929,0.5762001276016235,0.875,0.47713303565979004
1,0.871874988079071,0.432684987783432,0.875,0.3644610047340393
2,0.871874988079071,0.40716877579689026,0.875,0.36737504601478577
3,0.871874988079071,0.3991723656654358,0.875,0.3782041370868683
4,0.871874988079071,0.3898709714412689,0.875,0.37626326084136963
