,accuracy,loss,val_accuracy,val_loss
0,0.84375,0.6098858714103699,0.875,0.5437590479850769
1,0.871874988079071,0.4586186408996582,0.875,0.374899685382843
2,0.871874988079071,0.40229374170303345,0.875,0.36204513907432556
3,0.871874988079071,0.39899906516075134,0.875,0.371093213558197
4,0.871874988079071,0.39362961053848267,0.875,0.3741326332092285
5,0.871874988079071,0.3878498673439026,0.875,0.3726294934749603
